<application>
  <component name="AppStorage">
    <histories>
      <item value="netflix" />
      <item value="count" />
      <item value="统计" />
      <item value="alpha" />
      <item value="Invocation" />
      <item value="intercepts" />
      <item value="Signature" />
      <item value="消费者" />
      <item value="provider" />
      <item value="echo" />
      <item value="agent" />
      <item value="consul" />
      <item value="zookeeper" />
      <item value="DB VENDOR" />
      <item value="DB_VENDOR" />
      <item value="Property 'configuration' and 'config Location' can not specified with together" />
      <item value="Property 'configuration' and 'configLocation' can not specified with together" />
      <item value="awful patch to keep backward compatibility" />
      <item value="毫秒" />
      <item value="秒" />
      <item value="Milli" />
      <item value="Millis" />
      <item value="Abandoned" />
      <item value="removeAbandoned" />
      <item value="Eviction" />
      <item value="idle" />
      <item value="截取" />
      <item value="乘积" />
      <item value="Performs a &lt;a href=&quot;package-summary.html#Reduction&quot;&gt;reduction&lt;/a&gt; on the      * elements of this stream, using the provided identity value and an      * &lt;a href=&quot;package-summary.html#Associativity&quot;&gt;associative&lt;/a&gt;      * accumulation function, and returns the reduced value.  This is equivalent      * to:      * &lt;pre&gt;{@code      *     T result = identity;      *     for (T element : this stream)      *         result = accumulator.apply(result, element)      *     return result;      * }&lt;/pre&gt;      *      * but is not constrained to execute sequentially.      *      * &lt;p&gt;The {@code identity} value must be an identity for the accumulator      * function. This means that for all {@code t},      * {@code accumulator.apply(identity, t)} is equal to {@code t}.      * The {@code accumulator} function must be an      * &lt;a href=&quot;package-summary.html#Associativity&quot;&gt;associative&lt;/a&gt; function.      *      * &lt;p&gt;This is a &lt;a href=&quot;package-summary.html#StreamOps&quot;&gt;terminal      * operation&lt;/a&gt;.      *      * @apiNote Sum, min, max, average, and string concatenation are all special      * cases of reduction. Summing a stream of numbers can be expressed as:      *      * &lt;pre&gt;{@code      *     Integer sum = integers.reduce(0, (a, b) -&gt; a+b);      * }&lt;/pre&gt;      *      * or:      *      * &lt;pre&gt;{@code      *     Integer sum = integers.reduce(0, Integer::sum);      * }&lt;/pre&gt;      *      * &lt;p&gt;While this may seem a more roundabout way to perform an aggregation      * compared to simply mutating a running total in a loop, reduction      * operations parallelize more gracefully, without needing additional      * synchronization and with greatly reduced risk of data races.      *      * @param identity the identity value for the accumulating function      * @param accumulator an &lt;a href=&quot;package-summary.html#Associativity&quot;&gt;associative&lt;/a&gt;,      *                    &lt;a href=&quot;package-summary.html#NonInterference&quot;&gt;non-interfering&lt;/a&gt;,      *                    &lt;a href=&quot;package-summary.html#Statelessness&quot;&gt;stateless&lt;/a&gt;      *                    function for combining two values      * @return the result of the reduction" />
      <item value="BinaryOperator" />
      <item value="identity" />
      <item value="reduce" />
      <item value="基本数据类型" />
      <item value="基于数组" />
      <item value="stream has already been operated upon or closed" />
      <item value="ReferencePipeline" />
      <item value="flat" />
      <item value="Duration" />
      <item value="复杂计算" />
      <item value="调整日期" />
      <item value="Illegal Argument" />
      <item value="IllegalArgument" />
      <item value="Function" />
      <item value="Predicate" />
      <item value="isPresent" />
      <item value="bounds" />
      <item value="out of bounds" />
      <item value="Which three members must have the private access modifier to ensure that this invariant is maintained" />
      <item value="This class needs to protect an invariant on the sum field" />
      <item value="The code compiles,but does not execute." />
    </histories>
    <option name="languageScores">
      <map>
        <entry key="CHINESE" value="11" />
        <entry key="ENGLISH" value="11" />
      </map>
    </option>
  </component>
</application>